noteur, photo, note, date
1, 5, 4, 2016-06-03
5, 3, 2, 2016-06-04
8, 12, 3, 2016-06-08
10, 13, 2, 2016-06-08
20, 15, 5, 2016-06-13
26, 23, 4, 2016-06-16
14, 17, 4, 2016-06-10
21, 22, 1, 2016-06-14
29, 42, 3, 2016-06-18
25, 43, 4, 2016-06-19
27, 28, 2, 2016-06-16
29, 45, 3, 2016-06-20
27, 29, 3, 2016-06-16
23, 52, 4, 2016-06-20
54, 57, 5, 2016-06-20
56, 57, 2, 2016-06-20
23, 33, 3, 2016-06-18
42, 46, 5, 2016-06-19
52, 13, 3, 2016-06-20
25, 42, 2, 2016-06-18
41, 26, 4, 2016-06-18
51, 53, 5, 2016-06-20
3, 8, 3, 2016-06-06
4, 14, 5, 2016-06-08
22, 17, 2, 2016-06-13
28, 25, 4, 2016-06-15
26, 47, 5, 2016-06-18
29, 20, 4, 2016-06-19
20, 9, 3, 2016-06-14
12, 16, 4, 2016-06-10
29, 36, 2, 2016-06-18
35, 23, 2, 2016-06-19
50, 6, 3, 2016-06-20
30, 32, 3, 2016-06-17
21, 53, 5, 2016-06-20
42, 57, 5, 2016-06-20
11, 6, 2, 2016-06-06
25, 24, 3, 2016-06-15
12, 26, 4, 2016-06-16
27, 20, 2, 2016-06-17
29, 22, 5, 2016-06-18
12, 1, 3, 2016-06-07
42, 24, 2, 2016-06-19
14, 23, 5, 2016-06-14
27, 16, 3, 2016-06-15
52, 12, 4, 2016-06-20
6, 13, 4, 2016-06-08
6, 24, 3, 2016-06-15
13, 16, 5, 2016-06-09
19, 42, 3, 2016-06-19
21, 55, 3, 2016-06-20
40, 25, 4, 2016-06-18
11, 47, 2, 2016-06-18
26, 24, 3, 2016-06-15
47, 14, 5, 2016-06-19
7, 8, 4, 2016-06-05
4, 9, 3, 2016-06-05
7, 53, 5, 2016-06-20
15, 9, 4, 2016-06-08
51, 14, 5, 2016-06-20
56, 14, 5, 2016-06-20
26, 54, 3, 2016-06-20
12, 13, 4, 2016-06-07
13, 22, 3, 2016-06-13
28, 32, 2, 2016-06-16
45, 32, 3, 2016-06-16
23, 45, 4, 2016-06-20
8, 36, 4, 2016-06-18
51, 2, 3, 2016-06-20
25, 2, 4, 2016-06-14
42, 4, 2, 2016-06-19
31, 4, 4, 2016-06-16
8, 7, 5, 2016-06-05
3, 7, 2, 2016-06-04
4, 18, 2, 2016-06-10
5, 18, 3, 2016-06-10
23, 19, 3, 2016-06-13
12, 26, 4, 2016-06-15
10, 30, 2, 2016-06-15
25, 30, 2, 2016-06-16
36, 31, 3, 2016-06-18
25, 31, 4, 2016-06-18
52, 35, 5, 2016-06-18
53, 35, 5, 2016-06-19
54, 35, 5, 2016-06-19
29, 37, 4, 2016-06-18
45, 37, 3, 2016-06-20
21, 38, 4, 2016-06-19
23, 39, 2, 2016-06-19
24, 39, 3, 2016-06-19
52, 39, 0, 2016-06-20
14, 39, 1, 2016-06-20
16, 40, 3, 2016-06-19
17, 40, 2, 2016-06-19
19, 41, 4, 2016-06-19
6, 48, 3, 2016-06-20
37, 48, 2, 2016-06-20
39, 49, 4, 2016-06-20
43, 49, 3, 2016-06-20
47, 49, 3, 2016-06-20
1, 50, 2, 2016-06-20
2, 50, 4, 2016-06-20
6, 56, 2, 2016-06-20
27, 56, 3, 2016-06-20
24, 56, 3, 2016-06-20
57, 14, 5, 2016-06-20
9, 53, 5, 2016-06-20
